<?xml version="1.0" encoding="UTF-8"?><?xml-stylesheet type='text/xsl' href='_UpgradeReport_Files/UpgradeReport.xslt'?><UpgradeLog>
<Properties><Property Name="Solution" Value="Google.KML">
</Property><Property Name="Solution File" Value="C:\Users\Catalin\Desktop\libraries\ge-kml\KML\Google.KML.sln">
</Property><Property Name="Date" Value="September-20-10">
</Property><Property Name="Time" Value="21:10:09 PM">
</Property><Property Name="Log Number" Value="2">
</Property></Properties><Event ErrorLevel="0" Project="Google.KML" Source="Google.KML.csproj" Description="Project file successfully backed up as C:\Users\Catalin\Desktop\libraries\ge-kml\KML\Backup1\Google.KML.csproj">
</Event><Event ErrorLevel="0" Project="Google.KML" Source="geAltitudeModeEnum.cs" Description="File successfully backed up as C:\Users\Catalin\Desktop\libraries\ge-kml\KML\Backup1\geAltitudeModeEnum.cs">
</Event><Event ErrorLevel="0" Project="Google.KML" Source="geBaloonStyle.cs" Description="File successfully backed up as C:\Users\Catalin\Desktop\libraries\ge-kml\KML\Backup1\geBaloonStyle.cs">
</Event><Event ErrorLevel="0" Project="Google.KML" Source="geBoundaryIs.cs" Description="File successfully backed up as C:\Users\Catalin\Desktop\libraries\ge-kml\KML\Backup1\geBoundaryIs.cs">
</Event><Event ErrorLevel="0" Project="Google.KML" Source="geColorModeEnum.cs" Description="File successfully backed up as C:\Users\Catalin\Desktop\libraries\ge-kml\KML\Backup1\geColorModeEnum.cs">
</Event><Event ErrorLevel="0" Project="Google.KML" Source="geDocument.cs" Description="File successfully backed up as C:\Users\Catalin\Desktop\libraries\ge-kml\KML\Backup1\geDocument.cs">
</Event><Event ErrorLevel="0" Project="Google.KML" Source="geAngle180.cs" Description="File successfully backed up as C:\Users\Catalin\Desktop\libraries\ge-kml\KML\Backup1\geAngle180.cs">
</Event><Event ErrorLevel="0" Project="Google.KML" Source="geAngle360.cs" Description="File successfully backed up as C:\Users\Catalin\Desktop\libraries\ge-kml\KML\Backup1\geAngle360.cs">
</Event><Event ErrorLevel="0" Project="Google.KML" Source="geAngle90.cs" Description="File successfully backed up as C:\Users\Catalin\Desktop\libraries\ge-kml\KML\Backup1\geAngle90.cs">
</Event><Event ErrorLevel="0" Project="Google.KML" Source="geAnglePos90.cs" Description="File successfully backed up as C:\Users\Catalin\Desktop\libraries\ge-kml\KML\Backup1\geAnglePos90.cs">
</Event><Event ErrorLevel="0" Project="Google.KML" Source="geColor.cs" Description="File successfully backed up as C:\Users\Catalin\Desktop\libraries\ge-kml\KML\Backup1\geColor.cs">
</Event><Event ErrorLevel="0" Project="Google.KML" Source="geColorStyle.cs" Description="File successfully backed up as C:\Users\Catalin\Desktop\libraries\ge-kml\KML\Backup1\geColorStyle.cs">
</Event><Event ErrorLevel="0" Project="Google.KML" Source="geCoordinates.cs" Description="File successfully backed up as C:\Users\Catalin\Desktop\libraries\ge-kml\KML\Backup1\geCoordinates.cs">
</Event><Event ErrorLevel="0" Project="Google.KML" Source="geDateTime.cs" Description="File successfully backed up as C:\Users\Catalin\Desktop\libraries\ge-kml\KML\Backup1\geDateTime.cs">
</Event><Event ErrorLevel="0" Project="Google.KML" Source="geFolder.cs" Description="File successfully backed up as C:\Users\Catalin\Desktop\libraries\ge-kml\KML\Backup1\geFolder.cs">
</Event><Event ErrorLevel="0" Project="Google.KML" Source="geContainer.cs" Description="File successfully backed up as C:\Users\Catalin\Desktop\libraries\ge-kml\KML\Backup1\geContainer.cs">
</Event><Event ErrorLevel="0" Project="Google.KML" Source="geFeature.cs" Description="File successfully backed up as C:\Users\Catalin\Desktop\libraries\ge-kml\KML\Backup1\geFeature.cs">
</Event><Event ErrorLevel="0" Project="Google.KML" Source="geInnerBoundaryIs.cs" Description="File successfully backed up as C:\Users\Catalin\Desktop\libraries\ge-kml\KML\Backup1\geInnerBoundaryIs.cs">
</Event><Event ErrorLevel="0" Project="Google.KML" Source="geKML.cs" Description="File successfully backed up as C:\Users\Catalin\Desktop\libraries\ge-kml\KML\Backup1\geKML.cs">
</Event><Event ErrorLevel="0" Project="Google.KML" Source="geListItemTypeEnum.cs" Description="File successfully backed up as C:\Users\Catalin\Desktop\libraries\ge-kml\KML\Backup1\geListItemTypeEnum.cs">
</Event><Event ErrorLevel="0" Project="Google.KML" Source="geNetworkLinkControl.cs" Description="File successfully backed up as C:\Users\Catalin\Desktop\libraries\ge-kml\KML\Backup1\geNetworkLinkControl.cs">
</Event><Event ErrorLevel="0" Project="Google.KML" Source="geObjArrayField.cs" Description="File successfully backed up as C:\Users\Catalin\Desktop\libraries\ge-kml\KML\Backup1\geObjArrayField.cs">
</Event><Event ErrorLevel="0" Project="Google.KML" Source="geObject.cs" Description="File successfully backed up as C:\Users\Catalin\Desktop\libraries\ge-kml\KML\Backup1\geObject.cs">
</Event><Event ErrorLevel="0" Project="Google.KML" Source="geGeometry.cs" Description="File successfully backed up as C:\Users\Catalin\Desktop\libraries\ge-kml\KML\Backup1\geGeometry.cs">
</Event><Event ErrorLevel="0" Project="Google.KML" Source="geObjField.cs" Description="File successfully backed up as C:\Users\Catalin\Desktop\libraries\ge-kml\KML\Backup1\geObjField.cs">
</Event><Event ErrorLevel="0" Project="Google.KML" Source="geOverlay.cs" Description="File successfully backed up as C:\Users\Catalin\Desktop\libraries\ge-kml\KML\Backup1\geOverlay.cs">
</Event><Event ErrorLevel="0" Project="Google.KML" Source="geSchema.cs" Description="File successfully backed up as C:\Users\Catalin\Desktop\libraries\ge-kml\KML\Backup1\geSchema.cs">
</Event><Event ErrorLevel="0" Project="Google.KML" Source="geSchemaField.cs" Description="File successfully backed up as C:\Users\Catalin\Desktop\libraries\ge-kml\KML\Backup1\geSchemaField.cs">
</Event><Event ErrorLevel="0" Project="Google.KML" Source="geSimpleArrayField.cs" Description="File successfully backed up as C:\Users\Catalin\Desktop\libraries\ge-kml\KML\Backup1\geSimpleArrayField.cs">
</Event><Event ErrorLevel="0" Project="Google.KML" Source="geSimpleField.cs" Description="File successfully backed up as C:\Users\Catalin\Desktop\libraries\ge-kml\KML\Backup1\geSimpleField.cs">
</Event><Event ErrorLevel="0" Project="Google.KML" Source="geStyleSelector.cs" Description="File successfully backed up as C:\Users\Catalin\Desktop\libraries\ge-kml\KML\Backup1\geStyleSelector.cs">
</Event><Event ErrorLevel="0" Project="Google.KML" Source="geStyleStateEnum.cs" Description="File successfully backed up as C:\Users\Catalin\Desktop\libraries\ge-kml\KML\Backup1\geStyleStateEnum.cs">
</Event><Event ErrorLevel="0" Project="Google.KML" Source="geTimePrimitive.cs" Description="File successfully backed up as C:\Users\Catalin\Desktop\libraries\ge-kml\KML\Backup1\geTimePrimitive.cs">
</Event><Event ErrorLevel="0" Project="Google.KML" Source="geTimeSpan.cs" Description="File successfully backed up as C:\Users\Catalin\Desktop\libraries\ge-kml\KML\Backup1\geTimeSpan.cs">
</Event><Event ErrorLevel="0" Project="Google.KML" Source="geTimeStamp.cs" Description="File successfully backed up as C:\Users\Catalin\Desktop\libraries\ge-kml\KML\Backup1\geTimeStamp.cs">
</Event><Event ErrorLevel="0" Project="Google.KML" Source="geUnitsEnum.cs" Description="File successfully backed up as C:\Users\Catalin\Desktop\libraries\ge-kml\KML\Backup1\geUnitsEnum.cs">
</Event><Event ErrorLevel="0" Project="Google.KML" Source="geUpdate.cs" Description="File successfully backed up as C:\Users\Catalin\Desktop\libraries\ge-kml\KML\Backup1\geUpdate.cs">
</Event><Event ErrorLevel="0" Project="Google.KML" Source="geVec2.cs" Description="File successfully backed up as C:\Users\Catalin\Desktop\libraries\ge-kml\KML\Backup1\geVec2.cs">
</Event><Event ErrorLevel="0" Project="Google.KML" Source="geGroundOverlay.cs" Description="File successfully backed up as C:\Users\Catalin\Desktop\libraries\ge-kml\KML\Backup1\geGroundOverlay.cs">
</Event><Event ErrorLevel="0" Project="Google.KML" Source="geIcon.cs" Description="File successfully backed up as C:\Users\Catalin\Desktop\libraries\ge-kml\KML\Backup1\geIcon.cs">
</Event><Event ErrorLevel="0" Project="Google.KML" Source="geIconStyle.cs" Description="File successfully backed up as C:\Users\Catalin\Desktop\libraries\ge-kml\KML\Backup1\geIconStyle.cs">
</Event><Event ErrorLevel="0" Project="Google.KML" Source="geLabelStyle.cs" Description="File successfully backed up as C:\Users\Catalin\Desktop\libraries\ge-kml\KML\Backup1\geLabelStyle.cs">
</Event><Event ErrorLevel="0" Project="Google.KML" Source="geLinearRing.cs" Description="File successfully backed up as C:\Users\Catalin\Desktop\libraries\ge-kml\KML\Backup1\geLinearRing.cs">
</Event><Event ErrorLevel="0" Project="Google.KML" Source="geLineString.cs" Description="File successfully backed up as C:\Users\Catalin\Desktop\libraries\ge-kml\KML\Backup1\geLineString.cs">
</Event><Event ErrorLevel="0" Project="Google.KML" Source="geLineStyle.cs" Description="File successfully backed up as C:\Users\Catalin\Desktop\libraries\ge-kml\KML\Backup1\geLineStyle.cs">
</Event><Event ErrorLevel="0" Project="Google.KML" Source="geLink.cs" Description="File successfully backed up as C:\Users\Catalin\Desktop\libraries\ge-kml\KML\Backup1\geLink.cs">
</Event><Event ErrorLevel="0" Project="Google.KML" Source="geListStyle.cs" Description="File successfully backed up as C:\Users\Catalin\Desktop\libraries\ge-kml\KML\Backup1\geListStyle.cs">
</Event><Event ErrorLevel="0" Project="Google.KML" Source="geLocation.cs" Description="File successfully backed up as C:\Users\Catalin\Desktop\libraries\ge-kml\KML\Backup1\geLocation.cs">
</Event><Event ErrorLevel="0" Project="Google.KML" Source="geLookAt.cs" Description="File successfully backed up as C:\Users\Catalin\Desktop\libraries\ge-kml\KML\Backup1\geLookAt.cs">
</Event><Event ErrorLevel="0" Project="Google.KML" Source="geModel.cs" Description="File successfully backed up as C:\Users\Catalin\Desktop\libraries\ge-kml\KML\Backup1\geModel.cs">
</Event><Event ErrorLevel="0" Project="Google.KML" Source="geMultiGeometry.cs" Description="File successfully backed up as C:\Users\Catalin\Desktop\libraries\ge-kml\KML\Backup1\geMultiGeometry.cs">
</Event><Event ErrorLevel="0" Project="Google.KML" Source="geNetworkLink.cs" Description="File successfully backed up as C:\Users\Catalin\Desktop\libraries\ge-kml\KML\Backup1\geNetworkLink.cs">
</Event><Event ErrorLevel="0" Project="Google.KML" Source="geOrientation.cs" Description="File successfully backed up as C:\Users\Catalin\Desktop\libraries\ge-kml\KML\Backup1\geOrientation.cs">
</Event><Event ErrorLevel="0" Project="Google.KML" Source="geOuterBoundaryIs.cs" Description="File successfully backed up as C:\Users\Catalin\Desktop\libraries\ge-kml\KML\Backup1\geOuterBoundaryIs.cs">
</Event><Event ErrorLevel="0" Project="Google.KML" Source="gePlacemark.cs" Description="File successfully backed up as C:\Users\Catalin\Desktop\libraries\ge-kml\KML\Backup1\gePlacemark.cs">
</Event><Event ErrorLevel="0" Project="Google.KML" Source="gePoint.cs" Description="File successfully backed up as C:\Users\Catalin\Desktop\libraries\ge-kml\KML\Backup1\gePoint.cs">
</Event><Event ErrorLevel="0" Project="Google.KML" Source="gePolygon.cs" Description="File successfully backed up as C:\Users\Catalin\Desktop\libraries\ge-kml\KML\Backup1\gePolygon.cs">
</Event><Event ErrorLevel="0" Project="Google.KML" Source="gePolyStyle.cs" Description="File successfully backed up as C:\Users\Catalin\Desktop\libraries\ge-kml\KML\Backup1\gePolyStyle.cs">
</Event><Event ErrorLevel="0" Project="Google.KML" Source="Properties\AssemblyInfo.cs" Description="File successfully backed up as C:\Users\Catalin\Desktop\libraries\ge-kml\KML\Backup1\Properties\AssemblyInfo.cs">
</Event><Event ErrorLevel="0" Project="Google.KML" Source="geRefreshModeEnum.cs" Description="File successfully backed up as C:\Users\Catalin\Desktop\libraries\ge-kml\KML\Backup1\geRefreshModeEnum.cs">
</Event><Event ErrorLevel="0" Project="Google.KML" Source="geRegion.cs" Description="File successfully backed up as C:\Users\Catalin\Desktop\libraries\ge-kml\KML\Backup1\geRegion.cs">
</Event><Event ErrorLevel="0" Project="Google.KML" Source="geScale.cs" Description="File successfully backed up as C:\Users\Catalin\Desktop\libraries\ge-kml\KML\Backup1\geScale.cs">
</Event><Event ErrorLevel="0" Project="Google.KML" Source="geScreenOverlay.cs" Description="File successfully backed up as C:\Users\Catalin\Desktop\libraries\ge-kml\KML\Backup1\geScreenOverlay.cs">
</Event><Event ErrorLevel="0" Project="Google.KML" Source="geStyle.cs" Description="File successfully backed up as C:\Users\Catalin\Desktop\libraries\ge-kml\KML\Backup1\geStyle.cs">
</Event><Event ErrorLevel="0" Project="Google.KML" Source="geStyleMap.cs" Description="File successfully backed up as C:\Users\Catalin\Desktop\libraries\ge-kml\KML\Backup1\geStyleMap.cs">
</Event><Event ErrorLevel="0" Project="Google.KML" Source="geViewRefreshEnum.cs" Description="File successfully backed up as C:\Users\Catalin\Desktop\libraries\ge-kml\KML\Backup1\geViewRefreshEnum.cs">
</Event><Event ErrorLevel="0" Project="Google.KML" Source="ge_ClassDiagram.cd" Description="File successfully backed up as C:\Users\Catalin\Desktop\libraries\ge-kml\KML\Backup1\ge_ClassDiagram.cd">
</Event><Event ErrorLevel="0" Project="Google.KML" Source="earth.ico" Description="File successfully backed up as C:\Users\Catalin\Desktop\libraries\ge-kml\KML\Backup1\earth.ico">
</Event><Event ErrorLevel="0" Project="Google.KML" Source="DeveloperNotes.htm" Description="File successfully backed up as C:\Users\Catalin\Desktop\libraries\ge-kml\KML\Backup1\DeveloperNotes.htm">
</Event><Event ErrorLevel="1" Project="Google.KML" Source="Google.KML.csproj" Description="Your project is targeting .NET Framework 2.0 or 3.0. If your project uses assemblies requiring a newer .NET Framework, your project will fail to build. You can change the .NET Framework version by clicking Properties on the project menu and then selecting a new version in the '.NET Framework' dropdown box. (In Visual Basic, this is located on the Compile tab by clicking the 'Advanced Compiler Options...' button.)">
</Event><Event ErrorLevel="0" Project="Google.KML" Source="Google.KML.csproj" Description="Project converted successfully">
</Event><Event ErrorLevel="3" Project="Google.KML" Source="Google.KML.csproj" Description="Converted">
</Event><Event ErrorLevel="0" Project="Google.KML" Source="Google.KML.csproj" Description="Scan complete: Upgrade not required for project files.">
</Event></UpgradeLog>