<?xml version="1.0" encoding="UTF-8"?><?xml-stylesheet type='text/xsl' href='_UpgradeReport_Files/UpgradeReport.xslt'?><UpgradeLog>
<Properties><Property Name="Solution" Value="KML">
</Property><Property Name="Solution File" Value="C:\Users\Catalin\Desktop\libraries\ge-kml\KML\KML.sln">
</Property><Property Name="Date" Value="September-20-10">
</Property><Property Name="Time" Value="21:09 PM">
</Property></Properties><Event ErrorLevel="0" Project="" Source="KML.sln" Description="File successfully backed up as C:\Users\Catalin\Desktop\libraries\ge-kml\KML\Backup\KML.sln">
</Event><Event ErrorLevel="2" Project="KML" Source="KML.csproj" Description="Unable to open project file to perform upgrade.  ">
</Event><Event ErrorLevel="0" Project="" Source="KML.sln" Description="Solution converted successfully">
</Event><Event ErrorLevel="3" Project="" Source="KML.sln" Description="Converted">
</Event></UpgradeLog>