<?xml version="1.0" encoding="UTF-8"?><?xml-stylesheet type='text/xsl' href='_UpgradeReport_Files/UpgradeReport.xslt'?><UpgradeLog>
<Properties><Property Name="Solution" Value="WinFormsUI.Docking">
</Property><Property Name="Solution File" Value="C:\Users\Catalin\Desktop\libraries\WinFormsUI\WinFormsUI.Docking.sln">
</Property><Property Name="Date" Value="September-20-10">
</Property><Property Name="Time" Value="20:48 PM">
</Property></Properties><Event ErrorLevel="0" Project="" Source="WinFormsUI.Docking.sln" Description="File successfully backed up as C:\Users\Catalin\Desktop\libraries\WinFormsUI\Backup\WinFormsUI.Docking.sln">
</Event><Event ErrorLevel="0" Project="WinFormsUI" Source="WinFormsUI\WinFormsUI.csproj" Description="Project file successfully backed up as C:\Users\Catalin\Desktop\libraries\WinFormsUI\Backup\WinFormsUI\WinFormsUI.csproj">
</Event><Event ErrorLevel="0" Project="WinFormsUI" Source="WinFormsUI\Docking\DockPanel.SplitterDragHandler.cs" Description="File successfully backed up as C:\Users\Catalin\Desktop\libraries\WinFormsUI\Backup\WinFormsUI\Docking\DockPanel.SplitterDragHandler.cs">
</Event><Event ErrorLevel="0" Project="WinFormsUI" Source="WinFormsUI\Docking\DockPanel.DragHandler.cs" Description="File successfully backed up as C:\Users\Catalin\Desktop\libraries\WinFormsUI\Backup\WinFormsUI\Docking\DockPanel.DragHandler.cs">
</Event><Event ErrorLevel="0" Project="WinFormsUI" Source="WinFormsUI\Docking\DragForm.cs" Description="File successfully backed up as C:\Users\Catalin\Desktop\libraries\WinFormsUI\Backup\WinFormsUI\Docking\DragForm.cs">
</Event><Event ErrorLevel="0" Project="WinFormsUI" Source="WinFormsUI\Docking\DockPanel.MdiClientController.cs" Description="File successfully backed up as C:\Users\Catalin\Desktop\libraries\WinFormsUI\Backup\WinFormsUI\Docking\DockPanel.MdiClientController.cs">
</Event><Event ErrorLevel="0" Project="WinFormsUI" Source="WinFormsUI\Docking\AutoHideStripBase.cs" Description="File successfully backed up as C:\Users\Catalin\Desktop\libraries\WinFormsUI\Backup\WinFormsUI\Docking\AutoHideStripBase.cs">
</Event><Event ErrorLevel="0" Project="WinFormsUI" Source="WinFormsUI\Docking\InertButtonBase.cs" Description="File successfully backed up as C:\Users\Catalin\Desktop\libraries\WinFormsUI\Backup\WinFormsUI\Docking\InertButtonBase.cs">
</Event><Event ErrorLevel="0" Project="WinFormsUI" Source="WinFormsUI\Docking\DockPanelSkin.cs" Description="File successfully backed up as C:\Users\Catalin\Desktop\libraries\WinFormsUI\Backup\WinFormsUI\Docking\DockPanelSkin.cs">
</Event><Event ErrorLevel="0" Project="WinFormsUI" Source="WinFormsUI\Docking\VS2005AutoHideStrip.cs" Description="File successfully backed up as C:\Users\Catalin\Desktop\libraries\WinFormsUI\Backup\WinFormsUI\Docking\VS2005AutoHideStrip.cs">
</Event><Event ErrorLevel="0" Project="WinFormsUI" Source="WinFormsUI\Docking\DockPanel.AutoHideWindow.cs" Description="File successfully backed up as C:\Users\Catalin\Desktop\libraries\WinFormsUI\Backup\WinFormsUI\Docking\DockPanel.AutoHideWindow.cs">
</Event><Event ErrorLevel="0" Project="WinFormsUI" Source="WinFormsUI\Docking\VisibleNestedPaneCollection.cs" Description="File successfully backed up as C:\Users\Catalin\Desktop\libraries\WinFormsUI\Backup\WinFormsUI\Docking\VisibleNestedPaneCollection.cs">
</Event><Event ErrorLevel="0" Project="WinFormsUI" Source="WinFormsUI\Docking\DockAreasEditor.cs" Description="File successfully backed up as C:\Users\Catalin\Desktop\libraries\WinFormsUI\Backup\WinFormsUI\Docking\DockAreasEditor.cs">
</Event><Event ErrorLevel="0" Project="WinFormsUI" Source="WinFormsUI\Docking\DockContent.cs" Description="File successfully backed up as C:\Users\Catalin\Desktop\libraries\WinFormsUI\Backup\WinFormsUI\Docking\DockContent.cs">
</Event><Event ErrorLevel="0" Project="WinFormsUI" Source="WinFormsUI\Docking\DockContentCollection.cs" Description="File successfully backed up as C:\Users\Catalin\Desktop\libraries\WinFormsUI\Backup\WinFormsUI\Docking\DockContentCollection.cs">
</Event><Event ErrorLevel="0" Project="WinFormsUI" Source="WinFormsUI\Docking\DockContentHandler.cs" Description="File successfully backed up as C:\Users\Catalin\Desktop\libraries\WinFormsUI\Backup\WinFormsUI\Docking\DockContentHandler.cs">
</Event><Event ErrorLevel="0" Project="WinFormsUI" Source="WinFormsUI\Docking\DockPanel.DockDragHandler.cs" Description="File successfully backed up as C:\Users\Catalin\Desktop\libraries\WinFormsUI\Backup\WinFormsUI\Docking\DockPanel.DockDragHandler.cs">
</Event><Event ErrorLevel="0" Project="WinFormsUI" Source="WinFormsUI\Docking\Helpers\DockHelper.cs" Description="File successfully backed up as C:\Users\Catalin\Desktop\libraries\WinFormsUI\Backup\WinFormsUI\Docking\Helpers\DockHelper.cs">
</Event><Event ErrorLevel="0" Project="WinFormsUI" Source="WinFormsUI\Docking\NestedPaneCollection.cs" Description="File successfully backed up as C:\Users\Catalin\Desktop\libraries\WinFormsUI\Backup\WinFormsUI\Docking\NestedPaneCollection.cs">
</Event><Event ErrorLevel="0" Project="WinFormsUI" Source="WinFormsUI\Docking\DockOutlineBase.cs" Description="File successfully backed up as C:\Users\Catalin\Desktop\libraries\WinFormsUI\Backup\WinFormsUI\Docking\DockOutlineBase.cs">
</Event><Event ErrorLevel="0" Project="WinFormsUI" Source="WinFormsUI\Docking\DockPane.cs" Description="File successfully backed up as C:\Users\Catalin\Desktop\libraries\WinFormsUI\Backup\WinFormsUI\Docking\DockPane.cs">
</Event><Event ErrorLevel="0" Project="WinFormsUI" Source="WinFormsUI\Docking\DockPaneCaptionBase.cs" Description="File successfully backed up as C:\Users\Catalin\Desktop\libraries\WinFormsUI\Backup\WinFormsUI\Docking\DockPaneCaptionBase.cs">
</Event><Event ErrorLevel="0" Project="WinFormsUI" Source="WinFormsUI\Docking\VS2005DockPaneCaption.cs" Description="File successfully backed up as C:\Users\Catalin\Desktop\libraries\WinFormsUI\Backup\WinFormsUI\Docking\VS2005DockPaneCaption.cs">
</Event><Event ErrorLevel="0" Project="WinFormsUI" Source="WinFormsUI\Docking\DockPaneCollection.cs" Description="File successfully backed up as C:\Users\Catalin\Desktop\libraries\WinFormsUI\Backup\WinFormsUI\Docking\DockPaneCollection.cs">
</Event><Event ErrorLevel="0" Project="WinFormsUI" Source="WinFormsUI\Docking\DockPanel.cs" Description="File successfully backed up as C:\Users\Catalin\Desktop\libraries\WinFormsUI\Backup\WinFormsUI\Docking\DockPanel.cs">
</Event><Event ErrorLevel="0" Project="WinFormsUI" Source="WinFormsUI\Docking\DockPanelExtender.cs" Description="File successfully backed up as C:\Users\Catalin\Desktop\libraries\WinFormsUI\Backup\WinFormsUI\Docking\DockPanelExtender.cs">
</Event><Event ErrorLevel="0" Project="WinFormsUI" Source="WinFormsUI\Docking\DockPanel.Persistor.cs" Description="File successfully backed up as C:\Users\Catalin\Desktop\libraries\WinFormsUI\Backup\WinFormsUI\Docking\DockPanel.Persistor.cs">
</Event><Event ErrorLevel="0" Project="WinFormsUI" Source="WinFormsUI\Docking\DockPane.SplitterControl.cs" Description="File successfully backed up as C:\Users\Catalin\Desktop\libraries\WinFormsUI\Backup\WinFormsUI\Docking\DockPane.SplitterControl.cs">
</Event><Event ErrorLevel="0" Project="WinFormsUI" Source="WinFormsUI\Docking\DockPaneStripBase.cs" Description="File successfully backed up as C:\Users\Catalin\Desktop\libraries\WinFormsUI\Backup\WinFormsUI\Docking\DockPaneStripBase.cs">
</Event><Event ErrorLevel="0" Project="WinFormsUI" Source="WinFormsUI\Docking\VS2005DockPaneStrip.cs" Description="File successfully backed up as C:\Users\Catalin\Desktop\libraries\WinFormsUI\Backup\WinFormsUI\Docking\VS2005DockPaneStrip.cs">
</Event><Event ErrorLevel="0" Project="WinFormsUI" Source="WinFormsUI\Docking\DockWindow.cs" Description="File successfully backed up as C:\Users\Catalin\Desktop\libraries\WinFormsUI\Backup\WinFormsUI\Docking\DockWindow.cs">
</Event><Event ErrorLevel="0" Project="WinFormsUI" Source="WinFormsUI\Docking\DockWindowCollection.cs" Description="File successfully backed up as C:\Users\Catalin\Desktop\libraries\WinFormsUI\Backup\WinFormsUI\Docking\DockWindowCollection.cs">
</Event><Event ErrorLevel="0" Project="WinFormsUI" Source="WinFormsUI\Docking\DockWindow.SplitterControl.cs" Description="File successfully backed up as C:\Users\Catalin\Desktop\libraries\WinFormsUI\Backup\WinFormsUI\Docking\DockWindow.SplitterControl.cs">
</Event><Event ErrorLevel="0" Project="WinFormsUI" Source="WinFormsUI\Docking\DummyControl.cs" Description="File successfully backed up as C:\Users\Catalin\Desktop\libraries\WinFormsUI\Backup\WinFormsUI\Docking\DummyControl.cs">
</Event><Event ErrorLevel="0" Project="WinFormsUI" Source="WinFormsUI\Docking\Enums.cs" Description="File successfully backed up as C:\Users\Catalin\Desktop\libraries\WinFormsUI\Backup\WinFormsUI\Docking\Enums.cs">
</Event><Event ErrorLevel="0" Project="WinFormsUI" Source="WinFormsUI\Docking\DockContentEventArgs.cs" Description="File successfully backed up as C:\Users\Catalin\Desktop\libraries\WinFormsUI\Backup\WinFormsUI\Docking\DockContentEventArgs.cs">
</Event><Event ErrorLevel="0" Project="WinFormsUI" Source="WinFormsUI\Docking\FloatWindow.cs" Description="File successfully backed up as C:\Users\Catalin\Desktop\libraries\WinFormsUI\Backup\WinFormsUI\Docking\FloatWindow.cs">
</Event><Event ErrorLevel="0" Project="WinFormsUI" Source="WinFormsUI\Docking\FloatWindowCollection.cs" Description="File successfully backed up as C:\Users\Catalin\Desktop\libraries\WinFormsUI\Backup\WinFormsUI\Docking\FloatWindowCollection.cs">
</Event><Event ErrorLevel="0" Project="WinFormsUI" Source="WinFormsUI\Docking\DockPanel.FocusManager.cs" Description="File successfully backed up as C:\Users\Catalin\Desktop\libraries\WinFormsUI\Backup\WinFormsUI\Docking\DockPanel.FocusManager.cs">
</Event><Event ErrorLevel="0" Project="WinFormsUI" Source="WinFormsUI\Docking\Interfaces.cs" Description="File successfully backed up as C:\Users\Catalin\Desktop\libraries\WinFormsUI\Backup\WinFormsUI\Docking\Interfaces.cs">
</Event><Event ErrorLevel="0" Project="WinFormsUI" Source="WinFormsUI\Docking\Measures.cs" Description="File successfully backed up as C:\Users\Catalin\Desktop\libraries\WinFormsUI\Backup\WinFormsUI\Docking\Measures.cs">
</Event><Event ErrorLevel="0" Project="WinFormsUI" Source="WinFormsUI\Docking\NestedDockingStatus.cs" Description="File successfully backed up as C:\Users\Catalin\Desktop\libraries\WinFormsUI\Backup\WinFormsUI\Docking\NestedDockingStatus.cs">
</Event><Event ErrorLevel="0" Project="WinFormsUI" Source="WinFormsUI\Docking\SplitterBase.cs" Description="File successfully backed up as C:\Users\Catalin\Desktop\libraries\WinFormsUI\Backup\WinFormsUI\Docking\SplitterBase.cs">
</Event><Event ErrorLevel="0" Project="WinFormsUI" Source="WinFormsUI\Docking\Helpers\DrawHelper.cs" Description="File successfully backed up as C:\Users\Catalin\Desktop\libraries\WinFormsUI\Backup\WinFormsUI\Docking\Helpers\DrawHelper.cs">
</Event><Event ErrorLevel="0" Project="WinFormsUI" Source="WinFormsUI\Docking\Localization.cs" Description="File successfully backed up as C:\Users\Catalin\Desktop\libraries\WinFormsUI\Backup\WinFormsUI\Docking\Localization.cs">
</Event><Event ErrorLevel="0" Project="WinFormsUI" Source="WinFormsUI\Docking\Helpers\ResourceHelper.cs" Description="File successfully backed up as C:\Users\Catalin\Desktop\libraries\WinFormsUI\Backup\WinFormsUI\Docking\Helpers\ResourceHelper.cs">
</Event><Event ErrorLevel="0" Project="WinFormsUI" Source="WinFormsUI\Docking\Helpers\Win32Helper.cs" Description="File successfully backed up as C:\Users\Catalin\Desktop\libraries\WinFormsUI\Backup\WinFormsUI\Docking\Helpers\Win32Helper.cs">
</Event><Event ErrorLevel="0" Project="WinFormsUI" Source="WinFormsUI\Properties\AssemblyInfo.cs" Description="File successfully backed up as C:\Users\Catalin\Desktop\libraries\WinFormsUI\Backup\WinFormsUI\Properties\AssemblyInfo.cs">
</Event><Event ErrorLevel="0" Project="WinFormsUI" Source="WinFormsUI\Docking\Resources.Designer.cs" Description="File successfully backed up as C:\Users\Catalin\Desktop\libraries\WinFormsUI\Backup\WinFormsUI\Docking\Resources.Designer.cs">
</Event><Event ErrorLevel="0" Project="WinFormsUI" Source="WinFormsUI\Docking\Strings.Designer.cs" Description="File successfully backed up as C:\Users\Catalin\Desktop\libraries\WinFormsUI\Backup\WinFormsUI\Docking\Strings.Designer.cs">
</Event><Event ErrorLevel="0" Project="WinFormsUI" Source="WinFormsUI\Docking\Win32\Enums.cs" Description="File successfully backed up as C:\Users\Catalin\Desktop\libraries\WinFormsUI\Backup\WinFormsUI\Docking\Win32\Enums.cs">
</Event><Event ErrorLevel="0" Project="WinFormsUI" Source="WinFormsUI\Docking\Win32\NativeMethods.cs" Description="File successfully backed up as C:\Users\Catalin\Desktop\libraries\WinFormsUI\Backup\WinFormsUI\Docking\Win32\NativeMethods.cs">
</Event><Event ErrorLevel="0" Project="WinFormsUI" Source="WinFormsUI\Docking\Resources\DockIndicator_PaneDiamond.bmp" Description="File successfully backed up as C:\Users\Catalin\Desktop\libraries\WinFormsUI\Backup\WinFormsUI\Docking\Resources\DockIndicator_PaneDiamond.bmp">
</Event><Event ErrorLevel="0" Project="WinFormsUI" Source="WinFormsUI\Docking\Resources\DockIndicator_PaneDiamond_Bottom.bmp" Description="File successfully backed up as C:\Users\Catalin\Desktop\libraries\WinFormsUI\Backup\WinFormsUI\Docking\Resources\DockIndicator_PaneDiamond_Bottom.bmp">
</Event><Event ErrorLevel="0" Project="WinFormsUI" Source="WinFormsUI\Docking\Resources\Dockindicator_PaneDiamond_Fill.bmp" Description="File successfully backed up as C:\Users\Catalin\Desktop\libraries\WinFormsUI\Backup\WinFormsUI\Docking\Resources\Dockindicator_PaneDiamond_Fill.bmp">
</Event><Event ErrorLevel="0" Project="WinFormsUI" Source="WinFormsUI\Docking\Resources\DockIndicator_PaneDiamond_Hotspot.bmp" Description="File successfully backed up as C:\Users\Catalin\Desktop\libraries\WinFormsUI\Backup\WinFormsUI\Docking\Resources\DockIndicator_PaneDiamond_Hotspot.bmp">
</Event><Event ErrorLevel="0" Project="WinFormsUI" Source="WinFormsUI\Docking\Resources\DockIndicator_PaneDiamond_HotspotIndex.bmp" Description="File successfully backed up as C:\Users\Catalin\Desktop\libraries\WinFormsUI\Backup\WinFormsUI\Docking\Resources\DockIndicator_PaneDiamond_HotspotIndex.bmp">
</Event><Event ErrorLevel="0" Project="WinFormsUI" Source="WinFormsUI\Docking\Resources\DockIndicator_PaneDiamond_Left.bmp" Description="File successfully backed up as C:\Users\Catalin\Desktop\libraries\WinFormsUI\Backup\WinFormsUI\Docking\Resources\DockIndicator_PaneDiamond_Left.bmp">
</Event><Event ErrorLevel="0" Project="WinFormsUI" Source="WinFormsUI\Docking\Resources\DockIndicator_PaneDiamond_Right.bmp" Description="File successfully backed up as C:\Users\Catalin\Desktop\libraries\WinFormsUI\Backup\WinFormsUI\Docking\Resources\DockIndicator_PaneDiamond_Right.bmp">
</Event><Event ErrorLevel="0" Project="WinFormsUI" Source="WinFormsUI\Docking\Resources\DockIndicator_PaneDiamond_Top.bmp" Description="File successfully backed up as C:\Users\Catalin\Desktop\libraries\WinFormsUI\Backup\WinFormsUI\Docking\Resources\DockIndicator_PaneDiamond_Top.bmp">
</Event><Event ErrorLevel="0" Project="WinFormsUI" Source="WinFormsUI\Docking\Resources\DockIndicator_PanelBottom.bmp" Description="File successfully backed up as C:\Users\Catalin\Desktop\libraries\WinFormsUI\Backup\WinFormsUI\Docking\Resources\DockIndicator_PanelBottom.bmp">
</Event><Event ErrorLevel="0" Project="WinFormsUI" Source="WinFormsUI\Docking\Resources\DockIndicator_PanelBottom_Active.bmp" Description="File successfully backed up as C:\Users\Catalin\Desktop\libraries\WinFormsUI\Backup\WinFormsUI\Docking\Resources\DockIndicator_PanelBottom_Active.bmp">
</Event><Event ErrorLevel="0" Project="WinFormsUI" Source="WinFormsUI\Docking\Resources\DockIndicator_PanelFill.bmp" Description="File successfully backed up as C:\Users\Catalin\Desktop\libraries\WinFormsUI\Backup\WinFormsUI\Docking\Resources\DockIndicator_PanelFill.bmp">
</Event><Event ErrorLevel="0" Project="WinFormsUI" Source="WinFormsUI\Docking\Resources\DockIndicator_PanelFill_Active.bmp" Description="File successfully backed up as C:\Users\Catalin\Desktop\libraries\WinFormsUI\Backup\WinFormsUI\Docking\Resources\DockIndicator_PanelFill_Active.bmp">
</Event><Event ErrorLevel="0" Project="WinFormsUI" Source="WinFormsUI\Docking\Resources\DockIndicator_PanelLeft.bmp" Description="File successfully backed up as C:\Users\Catalin\Desktop\libraries\WinFormsUI\Backup\WinFormsUI\Docking\Resources\DockIndicator_PanelLeft.bmp">
</Event><Event ErrorLevel="0" Project="WinFormsUI" Source="WinFormsUI\Docking\Resources\DockIndicator_PanelLeft_Active.bmp" Description="File successfully backed up as C:\Users\Catalin\Desktop\libraries\WinFormsUI\Backup\WinFormsUI\Docking\Resources\DockIndicator_PanelLeft_Active.bmp">
</Event><Event ErrorLevel="0" Project="WinFormsUI" Source="WinFormsUI\Docking\Resources\DockIndicator_PanelRight.bmp" Description="File successfully backed up as C:\Users\Catalin\Desktop\libraries\WinFormsUI\Backup\WinFormsUI\Docking\Resources\DockIndicator_PanelRight.bmp">
</Event><Event ErrorLevel="0" Project="WinFormsUI" Source="WinFormsUI\Docking\Resources\DockIndicator_PanelRight_Active.bmp" Description="File successfully backed up as C:\Users\Catalin\Desktop\libraries\WinFormsUI\Backup\WinFormsUI\Docking\Resources\DockIndicator_PanelRight_Active.bmp">
</Event><Event ErrorLevel="0" Project="WinFormsUI" Source="WinFormsUI\Docking\Resources\DockIndicator_PanelTop.bmp" Description="File successfully backed up as C:\Users\Catalin\Desktop\libraries\WinFormsUI\Backup\WinFormsUI\Docking\Resources\DockIndicator_PanelTop.bmp">
</Event><Event ErrorLevel="0" Project="WinFormsUI" Source="WinFormsUI\Docking\Resources\DockIndicator_PanelTop_Active.bmp" Description="File successfully backed up as C:\Users\Catalin\Desktop\libraries\WinFormsUI\Backup\WinFormsUI\Docking\Resources\DockIndicator_PanelTop_Active.bmp">
</Event><Event ErrorLevel="0" Project="WinFormsUI" Source="WinFormsUI\license.txt" Description="File successfully backed up as C:\Users\Catalin\Desktop\libraries\WinFormsUI\Backup\WinFormsUI\license.txt">
</Event><Event ErrorLevel="0" Project="WinFormsUI" Source="WinFormsUI\Docking\Resources\DockPane_AutoHide.bmp" Description="File successfully backed up as C:\Users\Catalin\Desktop\libraries\WinFormsUI\Backup\WinFormsUI\Docking\Resources\DockPane_AutoHide.bmp">
</Event><Event ErrorLevel="0" Project="WinFormsUI" Source="WinFormsUI\Docking\Resources\DockPane_Close.bmp" Description="File successfully backed up as C:\Users\Catalin\Desktop\libraries\WinFormsUI\Backup\WinFormsUI\Docking\Resources\DockPane_Close.bmp">
</Event><Event ErrorLevel="0" Project="WinFormsUI" Source="WinFormsUI\Docking\Resources\DockPane_Dock.bmp" Description="File successfully backed up as C:\Users\Catalin\Desktop\libraries\WinFormsUI\Backup\WinFormsUI\Docking\Resources\DockPane_Dock.bmp">
</Event><Event ErrorLevel="0" Project="WinFormsUI" Source="WinFormsUI\Docking\Resources\DockPane_Option.bmp" Description="File successfully backed up as C:\Users\Catalin\Desktop\libraries\WinFormsUI\Backup\WinFormsUI\Docking\Resources\DockPane_Option.bmp">
</Event><Event ErrorLevel="0" Project="WinFormsUI" Source="WinFormsUI\Docking\Resources\DockPane_OptionOverflow.bmp" Description="File successfully backed up as C:\Users\Catalin\Desktop\libraries\WinFormsUI\Backup\WinFormsUI\Docking\Resources\DockPane_OptionOverflow.bmp">
</Event><Event ErrorLevel="0" Project="WinFormsUI" Source="WinFormsUI\Docking\Resources.resx" Description="File successfully backed up as C:\Users\Catalin\Desktop\libraries\WinFormsUI\Backup\WinFormsUI\Docking\Resources.resx">
</Event><Event ErrorLevel="0" Project="WinFormsUI" Source="WinFormsUI\Docking\Strings.resx" Description="File successfully backed up as C:\Users\Catalin\Desktop\libraries\WinFormsUI\Backup\WinFormsUI\Docking\Strings.resx">
</Event><Event ErrorLevel="0" Project="WinFormsUI" Source="WinFormsUI\Docking\DockPanel.bmp" Description="File successfully backed up as C:\Users\Catalin\Desktop\libraries\WinFormsUI\Backup\WinFormsUI\Docking\DockPanel.bmp">
</Event><Event ErrorLevel="1" Project="WinFormsUI" Source="WinFormsUI\WinFormsUI.csproj" Description="Your project is targeting .NET Framework 2.0 or 3.0. If your project uses assemblies requiring a newer .NET Framework, your project will fail to build. You can change the .NET Framework version by clicking Properties on the project menu and then selecting a new version in the '.NET Framework' dropdown box. (In Visual Basic, this is located on the Compile tab by clicking the 'Advanced Compiler Options...' button.)">
</Event><Event ErrorLevel="0" Project="WinFormsUI" Source="WinFormsUI\WinFormsUI.csproj" Description="Project converted successfully">
</Event><Event ErrorLevel="3" Project="WinFormsUI" Source="WinFormsUI\WinFormsUI.csproj" Description="Converted">
</Event><Event ErrorLevel="0" Project="DockSample" Source="DockSample\DockSample.csproj" Description="Project file successfully backed up as C:\Users\Catalin\Desktop\libraries\WinFormsUI\Backup\DockSample\DockSample.csproj">
</Event><Event ErrorLevel="0" Project="DockSample" Source="DockSample\AboutDialog.cs" Description="File successfully backed up as C:\Users\Catalin\Desktop\libraries\WinFormsUI\Backup\DockSample\AboutDialog.cs">
</Event><Event ErrorLevel="0" Project="DockSample" Source="DockSample\AboutDialog.Designer.cs" Description="File successfully backed up as C:\Users\Catalin\Desktop\libraries\WinFormsUI\Backup\DockSample\AboutDialog.Designer.cs">
</Event><Event ErrorLevel="0" Project="DockSample" Source="DockSample\MainForm2.cs" Description="File successfully backed up as C:\Users\Catalin\Desktop\libraries\WinFormsUI\Backup\DockSample\MainForm2.cs">
</Event><Event ErrorLevel="0" Project="DockSample" Source="DockSample\MainForm2.Designer.cs" Description="File successfully backed up as C:\Users\Catalin\Desktop\libraries\WinFormsUI\Backup\DockSample\MainForm2.Designer.cs">
</Event><Event ErrorLevel="0" Project="DockSample" Source="DockSample\DummyDoc.cs" Description="File successfully backed up as C:\Users\Catalin\Desktop\libraries\WinFormsUI\Backup\DockSample\DummyDoc.cs">
</Event><Event ErrorLevel="0" Project="DockSample" Source="DockSample\DummyDoc.Designer.cs" Description="File successfully backed up as C:\Users\Catalin\Desktop\libraries\WinFormsUI\Backup\DockSample\DummyDoc.Designer.cs">
</Event><Event ErrorLevel="0" Project="DockSample" Source="DockSample\DummyOutputWindow.cs" Description="File successfully backed up as C:\Users\Catalin\Desktop\libraries\WinFormsUI\Backup\DockSample\DummyOutputWindow.cs">
</Event><Event ErrorLevel="0" Project="DockSample" Source="DockSample\DummyOutputWindow.Designer.cs" Description="File successfully backed up as C:\Users\Catalin\Desktop\libraries\WinFormsUI\Backup\DockSample\DummyOutputWindow.Designer.cs">
</Event><Event ErrorLevel="0" Project="DockSample" Source="DockSample\DummyPropertyWindow.cs" Description="File successfully backed up as C:\Users\Catalin\Desktop\libraries\WinFormsUI\Backup\DockSample\DummyPropertyWindow.cs">
</Event><Event ErrorLevel="0" Project="DockSample" Source="DockSample\DummyPropertyWindow.Designer.cs" Description="File successfully backed up as C:\Users\Catalin\Desktop\libraries\WinFormsUI\Backup\DockSample\DummyPropertyWindow.Designer.cs">
</Event><Event ErrorLevel="0" Project="DockSample" Source="DockSample\DummySolutionExplorer.cs" Description="File successfully backed up as C:\Users\Catalin\Desktop\libraries\WinFormsUI\Backup\DockSample\DummySolutionExplorer.cs">
</Event><Event ErrorLevel="0" Project="DockSample" Source="DockSample\DummySolutionExplorer.Designer.cs" Description="File successfully backed up as C:\Users\Catalin\Desktop\libraries\WinFormsUI\Backup\DockSample\DummySolutionExplorer.Designer.cs">
</Event><Event ErrorLevel="0" Project="DockSample" Source="DockSample\DummyTaskList.cs" Description="File successfully backed up as C:\Users\Catalin\Desktop\libraries\WinFormsUI\Backup\DockSample\DummyTaskList.cs">
</Event><Event ErrorLevel="0" Project="DockSample" Source="DockSample\DummyTaskList.Designer.cs" Description="File successfully backed up as C:\Users\Catalin\Desktop\libraries\WinFormsUI\Backup\DockSample\DummyTaskList.Designer.cs">
</Event><Event ErrorLevel="0" Project="DockSample" Source="DockSample\DummyToolbox.cs" Description="File successfully backed up as C:\Users\Catalin\Desktop\libraries\WinFormsUI\Backup\DockSample\DummyToolbox.cs">
</Event><Event ErrorLevel="0" Project="DockSample" Source="DockSample\DummyToolbox.Designer.cs" Description="File successfully backed up as C:\Users\Catalin\Desktop\libraries\WinFormsUI\Backup\DockSample\DummyToolbox.Designer.cs">
</Event><Event ErrorLevel="0" Project="DockSample" Source="DockSample\Customization\DockHelper.cs" Description="File successfully backed up as C:\Users\Catalin\Desktop\libraries\WinFormsUI\Backup\DockSample\Customization\DockHelper.cs">
</Event><Event ErrorLevel="0" Project="DockSample" Source="DockSample\Customization\Extender.cs" Description="File successfully backed up as C:\Users\Catalin\Desktop\libraries\WinFormsUI\Backup\DockSample\Customization\Extender.cs">
</Event><Event ErrorLevel="0" Project="DockSample" Source="DockSample\Customization\InertButton.cs" Description="File successfully backed up as C:\Users\Catalin\Desktop\libraries\WinFormsUI\Backup\DockSample\Customization\InertButton.cs">
</Event><Event ErrorLevel="0" Project="DockSample" Source="DockSample\Customization\VS2003AutoHideStrip.cs" Description="File successfully backed up as C:\Users\Catalin\Desktop\libraries\WinFormsUI\Backup\DockSample\Customization\VS2003AutoHideStrip.cs">
</Event><Event ErrorLevel="0" Project="DockSample" Source="DockSample\Customization\VS2003DockPaneCaption.cs" Description="File successfully backed up as C:\Users\Catalin\Desktop\libraries\WinFormsUI\Backup\DockSample\Customization\VS2003DockPaneCaption.cs">
</Event><Event ErrorLevel="0" Project="DockSample" Source="DockSample\Customization\VS2003DockPaneStrip.cs" Description="File successfully backed up as C:\Users\Catalin\Desktop\libraries\WinFormsUI\Backup\DockSample\Customization\VS2003DockPaneStrip.cs">
</Event><Event ErrorLevel="0" Project="DockSample" Source="DockSample\MainForm.cs" Description="File successfully backed up as C:\Users\Catalin\Desktop\libraries\WinFormsUI\Backup\DockSample\MainForm.cs">
</Event><Event ErrorLevel="0" Project="DockSample" Source="DockSample\MainForm.Designer.cs" Description="File successfully backed up as C:\Users\Catalin\Desktop\libraries\WinFormsUI\Backup\DockSample\MainForm.Designer.cs">
</Event><Event ErrorLevel="0" Project="DockSample" Source="DockSample\Program.cs" Description="File successfully backed up as C:\Users\Catalin\Desktop\libraries\WinFormsUI\Backup\DockSample\Program.cs">
</Event><Event ErrorLevel="0" Project="DockSample" Source="DockSample\Properties\AssemblyInfo.cs" Description="File successfully backed up as C:\Users\Catalin\Desktop\libraries\WinFormsUI\Backup\DockSample\Properties\AssemblyInfo.cs">
</Event><Event ErrorLevel="0" Project="DockSample" Source="DockSample\Properties\Resources.Designer.cs" Description="File successfully backed up as C:\Users\Catalin\Desktop\libraries\WinFormsUI\Backup\DockSample\Properties\Resources.Designer.cs">
</Event><Event ErrorLevel="0" Project="DockSample" Source="DockSample\Properties\Settings.Designer.cs" Description="File successfully backed up as C:\Users\Catalin\Desktop\libraries\WinFormsUI\Backup\DockSample\Properties\Settings.Designer.cs">
</Event><Event ErrorLevel="0" Project="DockSample" Source="DockSample\Customization\Resources.Designer.cs" Description="File successfully backed up as C:\Users\Catalin\Desktop\libraries\WinFormsUI\Backup\DockSample\Customization\Resources.Designer.cs">
</Event><Event ErrorLevel="0" Project="DockSample" Source="DockSample\Customization\Strings.Designer.cs" Description="File successfully backed up as C:\Users\Catalin\Desktop\libraries\WinFormsUI\Backup\DockSample\Customization\Strings.Designer.cs">
</Event><Event ErrorLevel="0" Project="DockSample" Source="DockSample\ToolWindow.cs" Description="File successfully backed up as C:\Users\Catalin\Desktop\libraries\WinFormsUI\Backup\DockSample\ToolWindow.cs">
</Event><Event ErrorLevel="0" Project="DockSample" Source="DockSample\ToolWindow.Designer.cs" Description="File successfully backed up as C:\Users\Catalin\Desktop\libraries\WinFormsUI\Backup\DockSample\ToolWindow.Designer.cs">
</Event><Event ErrorLevel="0" Project="DockSample" Source="DockSample\Properties\Settings.settings" Description="File successfully backed up as C:\Users\Catalin\Desktop\libraries\WinFormsUI\Backup\DockSample\Properties\Settings.settings">
</Event><Event ErrorLevel="0" Project="DockSample" Source="DockSample\Images\ArrowDown.bmp" Description="File successfully backed up as C:\Users\Catalin\Desktop\libraries\WinFormsUI\Backup\DockSample\Images\ArrowDown.bmp">
</Event><Event ErrorLevel="0" Project="DockSample" Source="DockSample\Images\ArrowUp.bmp" Description="File successfully backed up as C:\Users\Catalin\Desktop\libraries\WinFormsUI\Backup\DockSample\Images\ArrowUp.bmp">
</Event><Event ErrorLevel="0" Project="DockSample" Source="DockSample\Images\Bitmap.ico" Description="File successfully backed up as C:\Users\Catalin\Desktop\libraries\WinFormsUI\Backup\DockSample\Images\Bitmap.ico">
</Event><Event ErrorLevel="0" Project="DockSample" Source="DockSample\Images\BlankIcon.ico" Description="File successfully backed up as C:\Users\Catalin\Desktop\libraries\WinFormsUI\Backup\DockSample\Images\BlankIcon.ico">
</Event><Event ErrorLevel="0" Project="DockSample" Source="DockSample\Images\ClosedFolder.ICO" Description="File successfully backed up as C:\Users\Catalin\Desktop\libraries\WinFormsUI\Backup\DockSample\Images\ClosedFolder.ICO">
</Event><Event ErrorLevel="0" Project="DockSample" Source="DockSample\Images\CSFile.ico" Description="File successfully backed up as C:\Users\Catalin\Desktop\libraries\WinFormsUI\Backup\DockSample\Images\CSFile.ico">
</Event><Event ErrorLevel="0" Project="DockSample" Source="DockSample\Images\CSProject.ico" Description="File successfully backed up as C:\Users\Catalin\Desktop\libraries\WinFormsUI\Backup\DockSample\Images\CSProject.ico">
</Event><Event ErrorLevel="0" Project="DockSample" Source="DockSample\Images\File.ico" Description="File successfully backed up as C:\Users\Catalin\Desktop\libraries\WinFormsUI\Backup\DockSample\Images\File.ico">
</Event><Event ErrorLevel="0" Project="DockSample" Source="DockSample\Images\Form.ico" Description="File successfully backed up as C:\Users\Catalin\Desktop\libraries\WinFormsUI\Backup\DockSample\Images\Form.ico">
</Event><Event ErrorLevel="0" Project="DockSample" Source="DockSample\Images\Mouse.bmp" Description="File successfully backed up as C:\Users\Catalin\Desktop\libraries\WinFormsUI\Backup\DockSample\Images\Mouse.bmp">
</Event><Event ErrorLevel="0" Project="DockSample" Source="DockSample\Images\msenv22.ico" Description="File successfully backed up as C:\Users\Catalin\Desktop\libraries\WinFormsUI\Backup\DockSample\Images\msenv22.ico">
</Event><Event ErrorLevel="0" Project="DockSample" Source="DockSample\Images\New.ico" Description="File successfully backed up as C:\Users\Catalin\Desktop\libraries\WinFormsUI\Backup\DockSample\Images\New.ico">
</Event><Event ErrorLevel="0" Project="DockSample" Source="DockSample\Images\Open.ico" Description="File successfully backed up as C:\Users\Catalin\Desktop\libraries\WinFormsUI\Backup\DockSample\Images\Open.ico">
</Event><Event ErrorLevel="0" Project="DockSample" Source="DockSample\Images\OpenFolder.ICO" Description="File successfully backed up as C:\Users\Catalin\Desktop\libraries\WinFormsUI\Backup\DockSample\Images\OpenFolder.ICO">
</Event><Event ErrorLevel="0" Project="DockSample" Source="DockSample\Images\OutputWindow.ico" Description="File successfully backed up as C:\Users\Catalin\Desktop\libraries\WinFormsUI\Backup\DockSample\Images\OutputWindow.ico">
</Event><Event ErrorLevel="0" Project="DockSample" Source="DockSample\Images\PropertyWindow.ico" Description="File successfully backed up as C:\Users\Catalin\Desktop\libraries\WinFormsUI\Backup\DockSample\Images\PropertyWindow.ico">
</Event><Event ErrorLevel="0" Project="DockSample" Source="DockSample\Images\Reference.ico" Description="File successfully backed up as C:\Users\Catalin\Desktop\libraries\WinFormsUI\Backup\DockSample\Images\Reference.ico">
</Event><Event ErrorLevel="0" Project="DockSample" Source="DockSample\Images\References.ico" Description="File successfully backed up as C:\Users\Catalin\Desktop\libraries\WinFormsUI\Backup\DockSample\Images\References.ico">
</Event><Event ErrorLevel="0" Project="DockSample" Source="DockSample\Images\SolutionExplorer.ico" Description="File successfully backed up as C:\Users\Catalin\Desktop\libraries\WinFormsUI\Backup\DockSample\Images\SolutionExplorer.ico">
</Event><Event ErrorLevel="0" Project="DockSample" Source="DockSample\Images\TaskListWindow.ico" Description="File successfully backed up as C:\Users\Catalin\Desktop\libraries\WinFormsUI\Backup\DockSample\Images\TaskListWindow.ico">
</Event><Event ErrorLevel="0" Project="DockSample" Source="DockSample\Images\ToolboxWindow.ico" Description="File successfully backed up as C:\Users\Catalin\Desktop\libraries\WinFormsUI\Backup\DockSample\Images\ToolboxWindow.ico">
</Event><Event ErrorLevel="0" Project="DockSample" Source="DockSample\Images\XmlFile.ico" Description="File successfully backed up as C:\Users\Catalin\Desktop\libraries\WinFormsUI\Backup\DockSample\Images\XmlFile.ico">
</Event><Event ErrorLevel="0" Project="DockSample" Source="DockSample\Customization\Resources\DockIndicator_PaneDiamond.bmp" Description="File successfully backed up as C:\Users\Catalin\Desktop\libraries\WinFormsUI\Backup\DockSample\Customization\Resources\DockIndicator_PaneDiamond.bmp">
</Event><Event ErrorLevel="0" Project="DockSample" Source="DockSample\Customization\Resources\DockPaneStrip_ScrollRightEnabled.bmp" Description="File successfully backed up as C:\Users\Catalin\Desktop\libraries\WinFormsUI\Backup\DockSample\Customization\Resources\DockPaneStrip_ScrollRightEnabled.bmp">
</Event><Event ErrorLevel="0" Project="DockSample" Source="DockSample\Customization\Resources\DockIndicator_PaneDiamond_Bottom.bmp" Description="File successfully backed up as C:\Users\Catalin\Desktop\libraries\WinFormsUI\Backup\DockSample\Customization\Resources\DockIndicator_PaneDiamond_Bottom.bmp">
</Event><Event ErrorLevel="0" Project="DockSample" Source="DockSample\Customization\Resources\Dockindicator_PaneDiamond_Fill.bmp" Description="File successfully backed up as C:\Users\Catalin\Desktop\libraries\WinFormsUI\Backup\DockSample\Customization\Resources\Dockindicator_PaneDiamond_Fill.bmp">
</Event><Event ErrorLevel="0" Project="DockSample" Source="DockSample\Customization\Resources\DockIndicator_PaneDiamond_Hotspot.bmp" Description="File successfully backed up as C:\Users\Catalin\Desktop\libraries\WinFormsUI\Backup\DockSample\Customization\Resources\DockIndicator_PaneDiamond_Hotspot.bmp">
</Event><Event ErrorLevel="0" Project="DockSample" Source="DockSample\Customization\Resources\DockIndicator_PaneDiamond_HotspotIndex.bmp" Description="File successfully backed up as C:\Users\Catalin\Desktop\libraries\WinFormsUI\Backup\DockSample\Customization\Resources\DockIndicator_PaneDiamond_HotspotIndex.bmp">
</Event><Event ErrorLevel="0" Project="DockSample" Source="DockSample\Customization\Resources\DockIndicator_PaneDiamond_Left.bmp" Description="File successfully backed up as C:\Users\Catalin\Desktop\libraries\WinFormsUI\Backup\DockSample\Customization\Resources\DockIndicator_PaneDiamond_Left.bmp">
</Event><Event ErrorLevel="0" Project="DockSample" Source="DockSample\Customization\Resources\DockIndicator_PaneDiamond_Right.bmp" Description="File successfully backed up as C:\Users\Catalin\Desktop\libraries\WinFormsUI\Backup\DockSample\Customization\Resources\DockIndicator_PaneDiamond_Right.bmp">
</Event><Event ErrorLevel="0" Project="DockSample" Source="DockSample\Customization\Resources\DockIndicator_PaneDiamond_Top.bmp" Description="File successfully backed up as C:\Users\Catalin\Desktop\libraries\WinFormsUI\Backup\DockSample\Customization\Resources\DockIndicator_PaneDiamond_Top.bmp">
</Event><Event ErrorLevel="0" Project="DockSample" Source="DockSample\Customization\Resources\DockIndicator_PanelBottom.bmp" Description="File successfully backed up as C:\Users\Catalin\Desktop\libraries\WinFormsUI\Backup\DockSample\Customization\Resources\DockIndicator_PanelBottom.bmp">
</Event><Event ErrorLevel="0" Project="DockSample" Source="DockSample\Customization\Resources\DockIndicator_PanelBottom_Active.bmp" Description="File successfully backed up as C:\Users\Catalin\Desktop\libraries\WinFormsUI\Backup\DockSample\Customization\Resources\DockIndicator_PanelBottom_Active.bmp">
</Event><Event ErrorLevel="0" Project="DockSample" Source="DockSample\Customization\Resources\DockIndicator_PanelFill.bmp" Description="File successfully backed up as C:\Users\Catalin\Desktop\libraries\WinFormsUI\Backup\DockSample\Customization\Resources\DockIndicator_PanelFill.bmp">
</Event><Event ErrorLevel="0" Project="DockSample" Source="DockSample\Customization\Resources\DockIndicator_PanelFill_Active.bmp" Description="File successfully backed up as C:\Users\Catalin\Desktop\libraries\WinFormsUI\Backup\DockSample\Customization\Resources\DockIndicator_PanelFill_Active.bmp">
</Event><Event ErrorLevel="0" Project="DockSample" Source="DockSample\Customization\Resources\DockIndicator_PanelLeft.bmp" Description="File successfully backed up as C:\Users\Catalin\Desktop\libraries\WinFormsUI\Backup\DockSample\Customization\Resources\DockIndicator_PanelLeft.bmp">
</Event><Event ErrorLevel="0" Project="DockSample" Source="DockSample\Customization\Resources\DockIndicator_PanelLeft_Active.bmp" Description="File successfully backed up as C:\Users\Catalin\Desktop\libraries\WinFormsUI\Backup\DockSample\Customization\Resources\DockIndicator_PanelLeft_Active.bmp">
</Event><Event ErrorLevel="0" Project="DockSample" Source="DockSample\Customization\Resources\DockIndicator_PanelRight.bmp" Description="File successfully backed up as C:\Users\Catalin\Desktop\libraries\WinFormsUI\Backup\DockSample\Customization\Resources\DockIndicator_PanelRight.bmp">
</Event><Event ErrorLevel="0" Project="DockSample" Source="DockSample\Customization\Resources\DockIndicator_PanelRight_Active.bmp" Description="File successfully backed up as C:\Users\Catalin\Desktop\libraries\WinFormsUI\Backup\DockSample\Customization\Resources\DockIndicator_PanelRight_Active.bmp">
</Event><Event ErrorLevel="0" Project="DockSample" Source="DockSample\Customization\Resources\DockIndicator_PanelTop.bmp" Description="File successfully backed up as C:\Users\Catalin\Desktop\libraries\WinFormsUI\Backup\DockSample\Customization\Resources\DockIndicator_PanelTop.bmp">
</Event><Event ErrorLevel="0" Project="DockSample" Source="DockSample\Customization\Resources\DockIndicator_PanelTop_Active.bmp" Description="File successfully backed up as C:\Users\Catalin\Desktop\libraries\WinFormsUI\Backup\DockSample\Customization\Resources\DockIndicator_PanelTop_Active.bmp">
</Event><Event ErrorLevel="0" Project="DockSample" Source="DockSample\Customization\Resources\DockPaneCaption_AutoHideNo.bmp" Description="File successfully backed up as C:\Users\Catalin\Desktop\libraries\WinFormsUI\Backup\DockSample\Customization\Resources\DockPaneCaption_AutoHideNo.bmp">
</Event><Event ErrorLevel="0" Project="DockSample" Source="DockSample\Customization\Resources\DockPaneCaption_AutoHideYes.bmp" Description="File successfully backed up as C:\Users\Catalin\Desktop\libraries\WinFormsUI\Backup\DockSample\Customization\Resources\DockPaneCaption_AutoHideYes.bmp">
</Event><Event ErrorLevel="0" Project="DockSample" Source="DockSample\Customization\Resources\DockPaneCaption_CloseDisabled.bmp" Description="File successfully backed up as C:\Users\Catalin\Desktop\libraries\WinFormsUI\Backup\DockSample\Customization\Resources\DockPaneCaption_CloseDisabled.bmp">
</Event><Event ErrorLevel="0" Project="DockSample" Source="DockSample\Customization\Resources\DockPaneCaption_CloseEnabled.bmp" Description="File successfully backed up as C:\Users\Catalin\Desktop\libraries\WinFormsUI\Backup\DockSample\Customization\Resources\DockPaneCaption_CloseEnabled.bmp">
</Event><Event ErrorLevel="0" Project="DockSample" Source="DockSample\Customization\Resources\DockPaneStrip_CloseDisabled.bmp" Description="File successfully backed up as C:\Users\Catalin\Desktop\libraries\WinFormsUI\Backup\DockSample\Customization\Resources\DockPaneStrip_CloseDisabled.bmp">
</Event><Event ErrorLevel="0" Project="DockSample" Source="DockSample\Customization\Resources\DockPaneStrip_CloseEnabled.bmp" Description="File successfully backed up as C:\Users\Catalin\Desktop\libraries\WinFormsUI\Backup\DockSample\Customization\Resources\DockPaneStrip_CloseEnabled.bmp">
</Event><Event ErrorLevel="0" Project="DockSample" Source="DockSample\Customization\Resources\DockPaneStrip_ScrollLeftDisabled.bmp" Description="File successfully backed up as C:\Users\Catalin\Desktop\libraries\WinFormsUI\Backup\DockSample\Customization\Resources\DockPaneStrip_ScrollLeftDisabled.bmp">
</Event><Event ErrorLevel="0" Project="DockSample" Source="DockSample\Customization\Resources\DockPaneStrip_ScrollLeftEnabled.bmp" Description="File successfully backed up as C:\Users\Catalin\Desktop\libraries\WinFormsUI\Backup\DockSample\Customization\Resources\DockPaneStrip_ScrollLeftEnabled.bmp">
</Event><Event ErrorLevel="0" Project="DockSample" Source="DockSample\Customization\Resources\DockPaneStrip_ScrollRightDisabled.bmp" Description="File successfully backed up as C:\Users\Catalin\Desktop\libraries\WinFormsUI\Backup\DockSample\Customization\Resources\DockPaneStrip_ScrollRightDisabled.bmp">
</Event><Event ErrorLevel="0" Project="DockSample" Source="DockSample\license.txt" Description="File successfully backed up as C:\Users\Catalin\Desktop\libraries\WinFormsUI\Backup\DockSample\license.txt">
</Event><Event ErrorLevel="0" Project="DockSample" Source="DockSample\AboutDialog.resx" Description="File successfully backed up as C:\Users\Catalin\Desktop\libraries\WinFormsUI\Backup\DockSample\AboutDialog.resx">
</Event><Event ErrorLevel="0" Project="DockSample" Source="DockSample\DummyDoc.resx" Description="File successfully backed up as C:\Users\Catalin\Desktop\libraries\WinFormsUI\Backup\DockSample\DummyDoc.resx">
</Event><Event ErrorLevel="0" Project="DockSample" Source="DockSample\DummyOutputWindow.resx" Description="File successfully backed up as C:\Users\Catalin\Desktop\libraries\WinFormsUI\Backup\DockSample\DummyOutputWindow.resx">
</Event><Event ErrorLevel="0" Project="DockSample" Source="DockSample\DummyPropertyWindow.resx" Description="File successfully backed up as C:\Users\Catalin\Desktop\libraries\WinFormsUI\Backup\DockSample\DummyPropertyWindow.resx">
</Event><Event ErrorLevel="0" Project="DockSample" Source="DockSample\DummySolutionExplorer.resx" Description="File successfully backed up as C:\Users\Catalin\Desktop\libraries\WinFormsUI\Backup\DockSample\DummySolutionExplorer.resx">
</Event><Event ErrorLevel="0" Project="DockSample" Source="DockSample\DummyTaskList.resx" Description="File successfully backed up as C:\Users\Catalin\Desktop\libraries\WinFormsUI\Backup\DockSample\DummyTaskList.resx">
</Event><Event ErrorLevel="0" Project="DockSample" Source="DockSample\DummyToolbox.resx" Description="File successfully backed up as C:\Users\Catalin\Desktop\libraries\WinFormsUI\Backup\DockSample\DummyToolbox.resx">
</Event><Event ErrorLevel="0" Project="DockSample" Source="DockSample\MainForm.resx" Description="File successfully backed up as C:\Users\Catalin\Desktop\libraries\WinFormsUI\Backup\DockSample\MainForm.resx">
</Event><Event ErrorLevel="0" Project="DockSample" Source="DockSample\Properties\Resources.resx" Description="File successfully backed up as C:\Users\Catalin\Desktop\libraries\WinFormsUI\Backup\DockSample\Properties\Resources.resx">
</Event><Event ErrorLevel="0" Project="DockSample" Source="DockSample\MainForm2.resx" Description="File successfully backed up as C:\Users\Catalin\Desktop\libraries\WinFormsUI\Backup\DockSample\MainForm2.resx">
</Event><Event ErrorLevel="0" Project="DockSample" Source="DockSample\Customization\Resources.resx" Description="File successfully backed up as C:\Users\Catalin\Desktop\libraries\WinFormsUI\Backup\DockSample\Customization\Resources.resx">
</Event><Event ErrorLevel="0" Project="DockSample" Source="DockSample\Resources\DockPanel.xml" Description="File successfully backed up as C:\Users\Catalin\Desktop\libraries\WinFormsUI\Backup\DockSample\Resources\DockPanel.xml">
</Event><Event ErrorLevel="0" Project="DockSample" Source="DockSample\Customization\Strings.resx" Description="File successfully backed up as C:\Users\Catalin\Desktop\libraries\WinFormsUI\Backup\DockSample\Customization\Strings.resx">
</Event><Event ErrorLevel="0" Project="DockSample" Source="DockSample\ToolWindow.resx" Description="File successfully backed up as C:\Users\Catalin\Desktop\libraries\WinFormsUI\Backup\DockSample\ToolWindow.resx">
</Event><Event ErrorLevel="1" Project="DockSample" Source="DockSample\DockSample.csproj" Description="Your project is targeting .NET Framework 2.0 or 3.0. If your project uses assemblies requiring a newer .NET Framework, your project will fail to build. You can change the .NET Framework version by clicking Properties on the project menu and then selecting a new version in the '.NET Framework' dropdown box. (In Visual Basic, this is located on the Compile tab by clicking the 'Advanced Compiler Options...' button.)">
</Event><Event ErrorLevel="0" Project="DockSample" Source="DockSample\DockSample.csproj" Description="Project converted successfully">
</Event><Event ErrorLevel="3" Project="DockSample" Source="DockSample\DockSample.csproj" Description="Converted">
</Event><Event ErrorLevel="0" Project="" Source="WinFormsUI.Docking.sln" Description="Solution converted successfully">
</Event><Event ErrorLevel="3" Project="" Source="WinFormsUI.Docking.sln" Description="Converted">
</Event><Event ErrorLevel="0" Project="WinFormsUI" Source="WinFormsUI\WinFormsUI.csproj" Description="Scan complete: Upgrade not required for project files.">
</Event><Event ErrorLevel="0" Project="DockSample" Source="DockSample\DockSample.csproj" Description="Scan complete: Upgrade not required for project files.">
</Event></UpgradeLog>